<config>
    <tabs>
        <mage_smtp>
            <label>Ksv Extensions</label>
            <sort_order>100</sort_order>
        </mage_smtp>
    </tabs>
    <sections>
        <smtp translate="label" module="smtp">
            <label>SMTP Configuration</label>
            <tab>mage_smtp</tab>
            <frontend_type>text</frontend_type>
            <sort_order>71</sort_order>
            <show_in_default>1</show_in_default>
            <show_in_website>1</show_in_website>
            <show_in_store>0</show_in_store>
            <groups>
				<settings translate="label">
                    <label>General</label>
                    <frontend_type>text</frontend_type>
                    <sort_order>1</sort_order>
                    <show_in_default>1</show_in_default>
                    <show_in_website>1</show_in_website>
                    <show_in_store>0</show_in_store>
                    <fields>
                		<enabled translate="label">
                            <label>Enable SMTP</label>
                            <frontend_type>select</frontend_type>
                            <source_model>adminhtml/system_config_source_yesno</source_model>
                            <sort_order>1</sort_order>
                            <show_in_default>1</show_in_default>
                            <show_in_website>1</show_in_website>
                            <show_in_store>0</show_in_store>
                        </enabled>
						<auth translate="label">
                            <label>Auth Mode</label>
                            <frontend_type>select</frontend_type>
                            <source_model>smtp/config_source_auth</source_model>
                            <sort_order>2</sort_order>
                            <show_in_default>1</show_in_default>
                            <show_in_website>1</show_in_website>
                            <show_in_store>0</show_in_store>
                        </auth>
						 <username translate="label">
                            <label>Username</label>
                            <frontend_type>text</frontend_type>
                            <sort_order>3</sort_order>
                            <show_in_default>1</show_in_default>
                            <show_in_website>1</show_in_website>
                            <show_in_store>0</show_in_store>
                        </username>
						 <password translate="label">
                            <label>Password</label>
                            <frontend_type>text</frontend_type>
                            <sort_order>4</sort_order>
                            <show_in_default>1</show_in_default>
                            <show_in_website>1</show_in_website>
                            <show_in_store>0</show_in_store>
                        </password>
						<host translate="label">
                            <label>Smtp host</label>
                            <frontend_type>text</frontend_type>
                            <sort_order>5</sort_order>
                            <show_in_default>1</show_in_default>
                            <show_in_website>1</show_in_website>
                            <show_in_store>0</show_in_store>
                        </host>
						<port translate="label">
                            <label>Smtp port</label>
                            <frontend_type>text</frontend_type>
                            <sort_order>6</sort_order>
                            <show_in_default>1</show_in_default>
                            <show_in_website>1</show_in_website>
                            <show_in_store>0</show_in_store>
                        </port>
						<ssl translate="label">
                            <label>Use SSL</label>
                            <frontend_type>select</frontend_type>
                            <source_model>smtp/config_source_ssl</source_model>
                            <sort_order>7</sort_order>
                            <show_in_default>1</show_in_default>
                            <show_in_website>1</show_in_website>
                            <show_in_store>0</show_in_store>
                        </ssl>                         
                    </fields>
                </settings>
             </groups>
        </smtp>
    </sections>
</config>
